id,ingredient,created_at
M14593,packaging material,15-05-2023 23:59:20
M97197,thermocoal,15-05-2023 23:59:20
M32099,paints,15-05-2023 23:59:20
M18290,brush,15-05-2023 23:59:20
M13435,dry leafs,15-05-2023 23:59:20
M97081,dry sugar cane leftovers,15-05-2023 23:59:20
M11396,soil,15-05-2023 23:59:20
M55303,sapling,15-05-2023 23:59:20
M12281,pvc pipe,16-05-2023 00:00:05
M30496,wood primer,16-05-2023 00:00:05
M78908,single pack pu,16-05-2023 00:00:05
M73564,golden brown gloss paint,16-05-2023 00:00:05
M93851,paint brush,16-05-2023 00:00:05
M91925,hobby motor,16-05-2023 00:00:05
M54988,battery 9v,16-05-2023 00:00:05
M58879,potentiometer,16-05-2023 00:00:05
M36464,cycle spokes,16-05-2023 00:00:05
M99459,instant glue,16-05-2023 00:00:05
M91507,hot melt glue,16-05-2023 00:00:05
M44598,sandpaper,16-05-2023 00:00:05
M20380,heat transfer sheet,16-05-2023 00:00:05
M44119,rivets,16-05-2023 00:00:05
M12157,washers,16-05-2023 00:00:05
M12677,ohp sheet,16-05-2023 00:00:05
M45083,hack saw,16-05-2023 00:00:05
M34672,"pencil, scale",16-05-2023 00:00:05
M95648,marker,16-05-2023 00:00:05
M70285,protractor,16-05-2023 00:00:05
M49616,screwdriver set,16-05-2023 00:00:05
M72358,cutter,16-05-2023 00:00:05
M82398,nose plier,16-05-2023 00:00:05
M47401,cutting plier,16-05-2023 00:00:05
M25204,hammer,16-05-2023 00:00:05
M09117,clothes iron,16-05-2023 00:00:05
M86674,drill machine,16-05-2023 00:00:05
M37931,scissor,16-05-2023 00:00:05
M13239,cardboard box,16-05-2023 00:00:26
M36435,tissue paper,16-05-2023 00:00:26
M83321,card stock,16-05-2023 00:00:26
M21320,cardboard thick paper,16-05-2023 00:00:26
M46567,needle,16-05-2023 00:00:26
M87842,sketch pen,16-05-2023 00:00:26
M91989,bottle caps,16-05-2023 00:00:26
M84940,glue stick,16-05-2023 00:00:26
M83228,plastic bags,16-05-2023 00:00:49
M70011,greaseproof paper,16-05-2023 00:00:49
M32088,iron,16-05-2023 00:00:49
M60590,cutter,16-05-2023 00:00:49
M35383,screwdriver,16-05-2023 00:00:49
M90199,self-tapping screws,16-05-2023 00:00:49
M28786,used/recycled speaker,16-05-2023 00:00:49
M42505,hot glue,16-05-2023 00:00:49
M04208,plastic,16-05-2023 00:01:49
M52582,plexiglass,16-05-2023 00:01:49
M08676,glue,16-05-2023 00:01:49
M94099,plastic box,16-05-2023 00:02:41
M27870,low-wattage lighting components,16-05-2023 00:02:41
M65436,two-wire cord,16-05-2023 00:02:41
M84260,two-prong plug,16-05-2023 00:02:41
M18727,switch,16-05-2023 00:02:41
M18302,twist wire connectors,16-05-2023 00:02:41
M97648,"small piece of plywood, masonite, mdf",16-05-2023 00:02:41
M70645,wood screws,16-05-2023 00:02:41
M76623,valve housing,16-05-2023 00:03:05
M76485,garbage can,16-05-2023 00:03:05
M47448,zip ties,16-05-2023 00:03:05
M18132,landscaping fabric,16-05-2023 00:03:05
M64687,course rocks,16-05-2023 00:03:05
M06176,magnet wire,16-05-2023 00:03:22
M20034,aluminum tape,16-05-2023 00:03:22
M20970,veggie oil filter,16-05-2023 00:03:22
M55334,roll,16-05-2023 00:03:22
M08327,battery,16-05-2023 00:03:22
M78105,bed,16-05-2023 00:03:54
M69353,entertainment equipment,16-05-2023 00:03:54
M72513,poles,16-05-2023 00:03:54
M89167,wood,16-05-2023 00:03:54
M15015,fabric,16-05-2023 00:03:54
M70382,decorations,16-05-2023 00:03:54
M34974,zipties,16-05-2023 00:03:54
M44588,curtains,16-05-2023 00:03:54
M38470,framework,16-05-2023 00:03:54
M20731,book,16-05-2023 00:03:54
M00426,cd,16-05-2023 00:03:54
M94330,dvd,16-05-2023 00:03:54
M65613,blog,16-05-2023 00:03:54
M23417,tv,16-05-2023 00:03:54
M13948,light,16-05-2023 00:03:54
M39118,computer,16-05-2023 00:03:54
M66541,hifi,16-05-2023 00:03:54
M26072,kit,16-05-2023 00:03:54
M99944,litres of emulsion paint,16-05-2023 00:04:19
M70698,plastic,16-05-2023 00:04:19
M00075,rim,16-05-2023 00:04:19
M42488,lid,16-05-2023 00:04:19
M02553,hacksaw,16-05-2023 00:04:19
M47577,padsaw,16-05-2023 00:04:19
M31386,pruning saw,16-05-2023 00:04:19
M31572,tenon saw,16-05-2023 00:04:19
M10323,dried paint,16-05-2023 00:04:19
M95933,bucket,16-05-2023 00:04:19
M99694,acetone,16-05-2023 00:05:05
M16484,treatment plant,16-05-2023 00:05:05
M86475,evaporate,16-05-2023 00:05:05
M72064,recycling,16-05-2023 00:05:05
M34742,machine,16-05-2023 00:05:05
M79508,chemicals,16-05-2023 00:05:05
M27761,copper pipe,16-05-2023 00:05:05
M98995,copper fittings,16-05-2023 00:05:05
M90423,torch,16-05-2023 00:05:05
M93448,solder,16-05-2023 00:05:05
M52297,flux,16-05-2023 00:05:05
M85181,pvc pipe,16-05-2023 00:05:05
M57423,pvc fittings,16-05-2023 00:05:05
M59178,old radiator,16-05-2023 00:05:05
M32494,rubber hose,16-05-2023 00:05:05
M08393,radiator fan,16-05-2023 00:05:05
M02758,d.c. power supply,16-05-2023 00:05:05
M72604,water pump,16-05-2023 00:05:05
M77129,hot plate,16-05-2023 00:05:05
M00943,pressure cooker,16-05-2023 00:05:05
M92779,ceramic chips,16-05-2023 00:05:05
M07717,screen,16-05-2023 00:05:05
M08835,electrical box,16-05-2023 00:05:05
M43310,switch,16-05-2023 00:05:05
M67392,epoxy,16-05-2023 00:05:05
M36501,water,16-05-2023 00:05:05
M63625,glycol,16-05-2023 00:05:05
M70679,jacket,16-05-2023 00:05:05
M94812,cooling tower,16-05-2023 00:05:05
M75526,pvc pipe,16-05-2023 00:05:05
M31851,copper pipe,16-05-2023 00:05:05
M53355,through wall fittings,16-05-2023 00:05:05
M12364,coolant,16-05-2023 00:05:05
M86375,expansion tank,16-05-2023 00:05:05
M46439,fraction column,16-05-2023 00:05:05
M53884,carrier,16-05-2023 00:05:05
M95562,screen,16-05-2023 00:05:05
M88260,reduction couples,16-05-2023 00:05:05
M84697,pressure cooker,16-05-2023 00:05:05
M07945,cart,16-05-2023 00:05:05
M95449,fan,16-05-2023 00:05:05
M14323,power supply,16-05-2023 00:05:05
M25113,unions,16-05-2023 00:05:05
M70293,bypass valve,16-05-2023 00:05:05
M18374,expansion port,16-05-2023 00:05:05
M24051,paint filter,16-05-2023 00:05:05
M60638,strainer,16-05-2023 00:05:05
M09881,contaminated acetone,16-05-2023 00:05:05
M72133,refracting tower,16-05-2023 00:05:05
M06631,liquid acetone,16-05-2023 00:05:05
M70856,acetone container,16-05-2023 00:05:05
M12225,solar power,16-05-2023 00:05:05
M30983,geo-thermal cooling system,16-05-2023 00:05:05
M63654,parabolic dish,16-05-2023 00:05:32
M28017,cones,16-05-2023 00:05:32
M07686,plastic sheet,16-05-2023 00:05:32
M49673,mylar,16-05-2023 00:05:32
M51174,corrugated plastic,16-05-2023 00:05:32
M59639,wheat paste,16-05-2023 00:05:32
M55445,knife,16-05-2023 00:05:32
M95749,duct tape,16-05-2023 00:05:32
M86753,packing tape,16-05-2023 00:05:32
M63789,paint can,16-05-2023 00:05:32
M24891,plastic strips,16-05-2023 00:05:32
M28535,one inch screws,16-05-2023 00:05:32
M75915,bamboo,16-05-2023 00:05:32
M71067,pot,16-05-2023 00:05:32
M98039,glass top,16-05-2023 00:05:32
M07493,cardboard,16-05-2023 00:05:32
M76570,foil,16-05-2023 00:05:32
M65910,aluminium foil,16-05-2023 00:05:32
M20636,metal tubing,16-05-2023 00:05:32
M66563,holes,16-05-2023 00:05:32
M24357,equatorial mount,16-05-2023 00:05:32
M77993,chair leg,16-05-2023 00:05:32
M88502,optimized position,16-05-2023 00:05:32
M15714,yeast,16-05-2023 00:06:07
M32272,lactic acid,16-05-2023 00:06:07
M77925,fermentation,16-05-2023 00:06:07
M81184,kitchen waste,16-05-2023 00:06:07
M54949,bio-fueled water pump,16-05-2023 00:06:07
M76504,proof of concept water pump,16-05-2023 00:06:07
M68523,water,16-05-2023 00:06:07
M34180,compost tea,16-05-2023 00:06:07
M87783,plants,16-05-2023 00:06:07
M41181,power pack,16-05-2023 00:06:07
M34815,sugar,16-05-2023 00:06:07
M17155,moldy bread,16-05-2023 00:06:07
M84608,stale pie,16-05-2023 00:06:07
M59930,potato skins,16-05-2023 00:06:07
M98549,garden waste,16-05-2023 00:06:07
M01221,slug damaged green beans,16-05-2023 00:06:07
M81417,morning glory stems,16-05-2023 00:06:07
M13105,grass,16-05-2023 00:06:07
M70469,lawn mower,16-05-2023 00:06:07
M66308,indoor plants,16-05-2023 00:06:07
M45746,white goods,16-05-2023 00:06:38
M32019,bathroom project,16-05-2023 00:06:38
M37354,holes,16-05-2023 00:06:38
M57434,plumbing layout,16-05-2023 00:06:38
M92215,trendy granite sink,16-05-2023 00:06:38
M80174,sleek white toilet,16-05-2023 00:06:38
M69330,â£40,16-05-2023 00:06:38
M87539,kiln fired sink,16-05-2023 00:06:38
M39241,toilet,16-05-2023 00:06:38
M13578,diamond core drill,16-05-2023 00:06:38
M34665,ceramic goods,16-05-2023 00:06:38
M97311,computer,16-05-2023 00:07:01
M20375,macbook pro,16-05-2023 00:07:01
M36931,tower,16-05-2023 00:07:01
M27608,monitor,16-05-2023 00:07:01
M44943,waste basket,16-05-2023 00:07:01
M90112,supplies,16-05-2023 00:07:01
M34601,screwdriver,16-05-2023 00:07:01
M64033,knife,16-05-2023 00:07:01
M06659,wire cutters,16-05-2023 00:07:01
M83137,scissors,16-05-2023 00:07:01
M36266,screw,16-05-2023 00:07:01
M00465,plastic,16-05-2023 00:07:01
M17147,screen,16-05-2023 00:07:01
M34336,gloves,16-05-2023 00:07:01
M97155,guts,16-05-2023 00:07:01
M72310,glass,16-05-2023 00:07:01
M56058,metal,16-05-2023 00:07:01
M01268,plastic piece,16-05-2023 00:07:01
M09863,stand,16-05-2023 00:07:01
M19537,desk,16-05-2023 00:07:01
M04723,slider/adjustment piece,16-05-2023 00:07:01
M76351,hole,16-05-2023 00:07:01
M19411,duct tape,16-05-2023 00:07:01
M16705,trash,16-05-2023 00:07:01
M47796,dog poo,16-05-2023 00:08:16
M46899,hdpe barrel,16-05-2023 00:08:16
M89400,soy sauce,16-05-2023 00:08:16
M87417,rain barrel,16-05-2023 00:08:16
M46358,compost bin,16-05-2023 00:08:16
M53265,door,16-05-2023 00:08:16
M98236,"""l"" squares",16-05-2023 00:08:16
M31030,shovel,16-05-2023 00:08:16
M23207,rim,16-05-2023 00:08:16
M03249,jig saw,16-05-2023 00:08:16
M96543,bbq lighter,16-05-2023 00:08:16
M53965,blade,16-05-2023 00:08:16
M96346,box knife,16-05-2023 00:08:16
M34971,ribs,16-05-2023 00:08:16
M91918,masking tape,16-05-2023 00:08:16
M50141,hinges,16-05-2023 00:08:16
M61695,door clasp,16-05-2023 00:08:16
M26159,plates,16-05-2023 00:08:16
M45831,aluminum pop rivets,16-05-2023 00:08:16
M29832,stainless steel washers,16-05-2023 00:08:16
M03102,thin aluminum scrap pieces,16-05-2023 00:08:16
M25314,clamps,16-05-2023 00:08:16
M43026,aluminum flat stock,16-05-2023 00:08:16
M09100,door stops,16-05-2023 00:08:16
M46026,lid,16-05-2023 00:08:16
M66769,bacteria,16-05-2023 00:08:16
M70283,boxes,16-05-2023 02:58:29
M03618,cardboard cartons,16-05-2023 02:58:29
M34238,rubbish skip,16-05-2023 02:58:29
M76100,packing tape,16-05-2023 02:58:29
M14209,yellow felt fabric,16-05-2023 03:00:40
M56960,wire coat hangers,16-05-2023 03:00:40
M95492,wire cutters,16-05-2023 03:00:40
M57200,light green felt fabric,16-05-2023 03:00:40
M67034,red non-fraying fabric,16-05-2023 03:00:40
M50489,yellow double fold seam binding,16-05-2023 03:00:40
M24915,super strong fabric glue,16-05-2023 03:00:40
M05818,heat-bond sewing iron-on material,16-05-2023 03:00:40
M57155,stencils,16-05-2023 03:00:40
M68147,sewing machine,16-05-2023 03:00:40
M90028,soldering iron,16-05-2023 03:00:40
M97249,duct tape,16-05-2023 03:00:40
M87901,yardstick,16-05-2023 03:00:40
M47740,paper,16-05-2023 03:00:40
M87063,wood,16-05-2023 03:01:35
M41146,remote,16-05-2023 03:02:54
M16335,spring,16-05-2023 03:02:54
M66470,spray paint,16-05-2023 03:04:17
M87411,metal ring,16-05-2023 03:04:17
M52744,hats,16-05-2023 03:04:53
M38753,fleece fabric,16-05-2023 03:04:53
M16684,fabrics,16-05-2023 03:04:53
M55109,tape measure,16-05-2023 03:04:53
M88778,"scrap 1 5/8"" steel stud/track",16-05-2023 03:05:30
M22811,scrap wood,16-05-2023 03:05:30
M74594,kelly screws,16-05-2023 03:05:30
M53226,drywall screws,16-05-2023 03:05:30
M00054,medium gauge wire,16-05-2023 03:05:30
M37607,300 oms to 75 oms transformer,16-05-2023 03:05:30
M56347,drill,16-05-2023 03:05:30
M79517,phillips bit,16-05-2023 03:05:30
M42238,utility knife/side cutters,16-05-2023 03:05:30
M57906,measuring tape,16-05-2023 03:05:30
M88556,tin snips,16-05-2023 03:05:30
M67001,scrap 2x2 of pressure treated wood,16-05-2023 03:05:30
M96464,cable line,16-05-2023 03:05:30
M86357,coaxial to rf adapter,16-05-2023 03:05:30
M37197,wire,16-05-2023 03:05:30
M87013,roof,16-05-2023 03:05:30
M81168,zip ties,16-05-2023 03:05:30
M98454,cardboard,16-05-2023 03:05:55
M88185,tape,16-05-2023 03:05:55
M26101,coconut,16-05-2023 03:06:23
M03202,plastic bag,16-05-2023 03:06:23
M32093,eye protection / safety glasses,16-05-2023 03:06:23
M80121,grater,16-05-2023 03:06:23
M59693,carafe or jar,16-05-2023 03:06:23
M82545,sieve or strainer,16-05-2023 03:06:23
M25486,large spoon or ladle,16-05-2023 03:06:23
M91273,hard spatula,16-05-2023 03:06:23
M64800,bowl,16-05-2023 03:06:23
M31980,heavy-bottom pot,16-05-2023 03:06:23
M85991,blender or food processor,16-05-2023 03:06:23
M00727,small heat-safe jar,16-05-2023 03:06:23
M13971,broad kitchen knife,16-05-2023 03:06:23
M28684,splatter screen,16-05-2023 03:06:23
M91215,vegetable peeler or knife,16-05-2023 03:06:23
M06583,plastic,16-05-2023 03:07:15
M32663,plastic bottle,16-05-2023 03:07:15
M59830,mineral water,16-05-2023 03:07:15
M60902,junk,16-05-2023 03:07:15
M69617,paper,16-05-2023 03:07:15
M78048,glue,16-05-2023 03:07:15
M98993,carton paper,16-05-2023 03:07:15
M80302,rope,16-05-2023 03:07:15
M66163,ribbon,16-05-2023 03:07:15
M58447,bottle,16-05-2023 03:07:51
M62217,trash bucket,16-05-2023 03:08:31
M98537,hdpe,16-05-2023 03:09:13
M83580,abs,16-05-2023 03:09:13
M68328,pla,16-05-2023 03:09:13
M82150,goo gone,16-05-2023 03:09:13
M35993,soap,16-05-2023 03:09:13
M10156,scissors,16-05-2023 03:09:13
M37451,utility knife,16-05-2023 03:09:13
M35615,chips,16-05-2023 03:09:13
M41905,mouthpiece,16-05-2023 03:09:13
M10562,blowgun,16-05-2023 03:09:13
M19770,milk jugs,16-05-2023 03:09:13
M50206,plastic injector,16-05-2023 03:09:13
M20029,copper coupling,16-05-2023 03:09:13
M28044,aluminum foil,16-05-2023 03:09:13
M54378,steel bar stock,16-05-2023 03:09:13
M43370,sandpaper,16-05-2023 03:09:13
M61070,drill press,16-05-2023 03:09:13
M08162,drill chuck,16-05-2023 03:09:13
M55070,propane flame,16-05-2023 03:09:13
M76557,wood template,16-05-2023 03:09:13
M02561,motor casing,16-05-2023 03:09:13
M49858,lipstick tube,16-05-2023 03:09:13
M00773,permanent marker,16-05-2023 03:09:13
M39140,mounting putty,16-05-2023 03:09:13
M51117,compass,16-05-2023 03:09:13
M70546,exhaust plate,16-05-2023 03:09:13
M96290,legs,16-05-2023 03:09:13
M79070,screw,16-05-2023 03:09:13
M63994,nicd,16-05-2023 03:09:13
M35775,water,16-05-2023 03:09:13
M03805,waste fabric,16-05-2023 03:09:29
M44058,scissors,16-05-2023 03:09:29
M89017,paperclips,16-05-2023 03:09:29
M21633,plywood,16-05-2023 03:10:03
M81561,stove,16-05-2023 03:10:27
M03535,rectangular pipes,16-05-2023 03:10:27
M77581,iron sheets,16-05-2023 03:10:27
M86901,container,16-05-2023 03:10:27
M11004,tubes,16-05-2023 03:10:27
M56180,fire,16-05-2023 03:10:27
M60516,tin ash pit,16-05-2023 03:10:27
M06591,water,16-05-2023 03:10:27
M49690,firewood,16-05-2023 03:10:27
M59599,electro-scrap,16-05-2023 03:10:53
M44237,soldering iron,16-05-2023 03:10:53
M49693,solder,16-05-2023 03:10:53
M98568,cable remains,16-05-2023 03:10:53
M33066,electronic waste,16-05-2023 03:10:53
M61645,casing,16-05-2023 03:10:53
M98177,cable,16-05-2023 03:10:53
M06827,bracelet,16-05-2023 03:10:53
M85216,bowl,16-05-2023 03:11:19
M05277,aluminium foil,16-05-2023 03:11:40
M04068,holder,16-05-2023 03:11:40
M26131,aa batteries,16-05-2023 03:11:40
M81440,scissors,16-05-2023 03:11:40
M31267,piece of cardboard,16-05-2023 03:11:40
M62071,circuit,16-05-2023 03:11:40
M14994,stapler,16-05-2023 03:11:40
M28570,cello tape,16-05-2023 03:11:40
M33587,electronic waste,16-05-2023 03:12:00
M21993,soldering stuff,16-05-2023 03:12:00
M79594,leds,16-05-2023 03:12:00
M94157,motors,16-05-2023 03:12:00
M40769,plastic wood,16-05-2023 03:12:28
M75850,cardboard,16-05-2023 03:12:28
M40889,plastic board,16-05-2023 03:12:28
M88782,hardboard,16-05-2023 03:12:28
M51991,aica or glue used in wood,16-05-2023 03:12:28
M25996,anti-cutter,16-05-2023 03:12:28
M77608,pen or pencil,16-05-2023 03:12:28
M82214,compass,16-05-2023 03:12:28
M13357,scale,16-05-2023 03:12:28
M39530,aluminium foil,16-05-2023 03:12:28
M78698,cigarette packet,16-05-2023 03:12:28
M05384,pet bottles,16-05-2023 03:12:50
M69828,wooden patti,16-05-2023 03:12:50
M86707,screws,16-05-2023 03:12:50
M09039,hook,16-05-2023 03:12:50
M44726,acm,16-05-2023 03:13:38
M55058,black color,16-05-2023 03:13:38
M13834,wooden ply,16-05-2023 03:13:38
M47473,leds lights,16-05-2023 03:13:38
M60259,power,16-05-2023 03:13:38
M57081,vegetable oil,16-05-2023 03:14:13
M68387,waste bins,16-05-2023 03:14:36
M80729,abs plastic,16-05-2023 03:16:09
M60932,newspaper,16-05-2023 03:16:34
M77657,cardboard,16-05-2023 03:17:15
M32178,heavy duty fence wire,16-05-2023 03:17:38
M36560,2x4 palletwood,16-05-2023 03:17:38
M31964,wood screws,16-05-2023 03:17:38
M60911,wood glue,16-05-2023 03:17:38
M87581,heavy duty fence wire,16-05-2023 03:18:06
M44093,wood screws,16-05-2023 03:18:06
M64790,wood glue,16-05-2023 03:18:06
M23835,scrap timber,16-05-2023 03:18:06
M27803,osb,16-05-2023 03:18:06
M33863,roof felt,16-05-2023 03:18:06
M36656,concrete foundation,16-05-2023 03:18:06
M91906,masonry paint,16-05-2023 03:18:06
M72849,reclaimed kitchen worktop,16-05-2023 03:18:06
M67716,cutoff of osb,16-05-2023 03:18:06
M11222,panel of osb,16-05-2023 03:18:06
M94382,gate hinges,16-05-2023 03:18:06
M64039,padlock,16-05-2023 03:18:06
M99375,led strip lighting,16-05-2023 03:18:06
M62403,plastic bottles,16-05-2023 03:18:25
M93303,adhesive coloured paper,16-05-2023 03:18:25
M58744,scissors,16-05-2023 03:18:25
M12197,blade or knife,16-05-2023 03:18:25
M29046,glue,16-05-2023 03:18:25
M90674,stickers or pictures,16-05-2023 03:18:25
M40136,stapler,16-05-2023 03:18:25
M48369,cardboard,16-05-2023 03:19:09
M72545,spray paint,16-05-2023 03:19:09
M45057,duct tape,16-05-2023 03:19:09
M97772,toxic waste signs,16-05-2023 03:19:09
M43358,2-sided tape,16-05-2023 03:19:09
M92125,string lights,16-05-2023 03:19:09
M35510,foam insulation,16-05-2023 03:19:09
M32952,rope party lights,16-05-2023 03:19:09
M15815,fog machine,16-05-2023 03:19:09
M25243,skeleton head,16-05-2023 03:19:09
M15671,jigsaw,16-05-2023 03:19:09
M70237,clear mylar,16-05-2023 03:19:09
M90462,"orange, yellow, and black paint",16-05-2023 03:19:09
M25106,drill,16-05-2023 03:19:09
M96811,wiffle balls,16-05-2023 03:19:09
M36242,goldie's bubbling cauldron,16-05-2023 03:19:09
M99642,cold drink aluminium cans,16-05-2023 03:19:38
M78223,pen refills,16-05-2023 03:19:38
M13177,pvc elbow,16-05-2023 03:19:38
M38830,flywheel from old tape recorder,16-05-2023 03:19:38
M47302,glue,16-05-2023 03:19:38
M39619,metal cutter,16-05-2023 03:19:38
M92802,steel wool,16-05-2023 03:19:38
M16592,old mosquito killer machine,16-05-2023 03:19:38
M05966,screws,16-05-2023 03:19:38
M72530,earphone wire,16-05-2023 03:19:38
M91412,spokes of cycle rim,16-05-2023 03:19:38
M83607,rubber band,16-05-2023 03:19:38
M64341,sandpaper,16-05-2023 03:19:38
M01608,rocker arm,16-05-2023 03:19:38
M37269,balloon with screw,16-05-2023 03:19:38
M62747,supporting frame,16-05-2023 03:19:38
M44658,candle,16-05-2023 03:19:38
M06735,gas lighter,16-05-2023 03:19:38
M14954,fibreglass,16-05-2023 03:20:48
M52522,upvc core off-cuts,16-05-2023 03:20:48
M09711,composite door factory,16-05-2023 03:20:48
M82503,fire-resistant material,16-05-2023 03:20:48
M07027,rot-resistant material,16-05-2023 03:20:48
M19556,rodent-resistant material,16-05-2023 03:20:48
M39825,dry wall lining,16-05-2023 03:20:48
M32531,steel c i-stud,16-05-2023 03:20:48
M73148,track,16-05-2023 03:20:48
M79472,glue,16-05-2023 03:20:48
M81058,silicone,16-05-2023 03:20:48
M68495,screws,16-05-2023 03:20:48
M59050,nails,16-05-2023 03:20:48
M38975,self-tapping dry wall screw,16-05-2023 03:20:48
M56208,collated gun,16-05-2023 03:20:48
M74532,nail gun,16-05-2023 03:20:48
M07895,metal,16-05-2023 03:20:48
M97005,wood,16-05-2023 03:20:48
M99974,plastic pipe,16-05-2023 03:20:48
M81988,cardboard tubes,16-05-2023 03:20:48
M86564,cardboard,16-05-2023 03:21:47
M31440,blue tape,16-05-2023 03:22:30
M72351,"clear ""school glue""",16-05-2023 03:22:30
M20518,picture frame,16-05-2023 03:22:30
M53546,white poster board paper,16-05-2023 03:22:30
M90358,ceramic capacitors,16-05-2023 03:22:30
M61593,scissors,16-05-2023 03:22:30
M04279,tweezers,16-05-2023 03:22:30
M37763,plastic cup,16-05-2023 03:22:30
M37057,nail,16-05-2023 03:22:30
M09330,calculator,16-05-2023 03:23:10
M34676,cake board,16-05-2023 03:23:24
M77305,tape recorder antenna,16-05-2023 03:23:24
M25929,coke bottles,16-05-2023 03:23:24
M15044,rope pieces,16-05-2023 03:23:24
M29467,wool,16-05-2023 03:23:24
M19529,waste paper,16-05-2023 03:23:24
M18644,pista shells,16-05-2023 03:23:24
M07817,iron sheet,16-05-2023 03:23:24
M40320,unused screw,16-05-2023 03:23:24
M98168,aluminium foil,16-05-2023 03:23:24
M37829,stars,16-05-2023 03:23:24
M61434,carton,16-05-2023 03:23:50
M39858,paper mache,16-05-2023 03:23:50
M35684,super strong neodymium magnets,16-05-2023 03:24:14
M70777,super glue,16-05-2023 03:24:14
M57378,varnish,16-05-2023 03:24:14
M78386,paint-brush,16-05-2023 03:24:14
M56627,small metal hinges,16-05-2023 03:24:14
M42248,double-sided tape,16-05-2023 03:24:14
M03391,tin slice,16-05-2023 03:24:32
M30006,anti-rust paint,16-05-2023 03:24:32
M75393,patinated painting kit,16-05-2023 03:24:32
M02720,sand soil,16-05-2023 03:24:32
M35326,plant,16-05-2023 03:24:32
M99126,bicycle pump,16-05-2023 03:24:57
M61670,ripstop nylon sail cloth,16-05-2023 03:24:57
M85395,ripstop nylon sail cloth,16-05-2023 03:24:57
M36459,bicycle inner tubes,16-05-2023 03:24:57
M76721,schrader inner tube valve,16-05-2023 03:24:57
M83203,access to a 3d printer for the core junction,16-05-2023 03:24:57
M11960,aluminium tubing,16-05-2023 03:24:57
M45608,hacksaw,16-05-2023 03:24:57
M43688,small file set,16-05-2023 03:24:57
M87836,strong 2-part epoxy glue,16-05-2023 03:24:57
M21080,scissors,16-05-2023 03:24:57
M53956,ruler,16-05-2023 03:24:57
M64943,sewing machine with leather needle or equivalent,16-05-2023 03:24:57
M86847,strong thread,16-05-2023 03:24:57
M99681,14mm 'o' ring,16-05-2023 03:24:57
M04810,dacron 200-250gsm ripstop nylon,16-05-2023 03:24:57
M11543,discarded bike inner tubes,16-05-2023 03:24:57
M42373,straws,16-05-2023 03:25:23
M52977,earbuds,16-05-2023 03:25:23
M00151,cello tape,16-05-2023 03:25:23
M60553,recycled tin,16-05-2023 03:25:46
M07105,candy tube,16-05-2023 03:25:46
M47420,wood,16-05-2023 03:26:17
M99149,staples,16-05-2023 03:26:17
M81974,paint,16-05-2023 03:26:17
M99614,glue,16-05-2023 03:26:17
M26681,nails,16-05-2023 03:26:17
M71988,stain,16-05-2023 03:26:17
M37753,grocery bags,16-05-2023 03:26:17
M63533,magazine,16-05-2023 03:26:33
M03784,coupons,16-05-2023 03:26:33
M31366,broken mini fan,16-05-2023 03:26:46
M20759,three rgb leds,16-05-2023 03:26:46
M72200,solder,16-05-2023 03:26:46
M72385,old motor cables,16-05-2023 03:26:46
M12218,used batteries,16-05-2023 03:26:46
M60483,potato,16-05-2023 03:27:18
M84897,ground surface,16-05-2023 03:27:18
M65324,water,16-05-2023 03:27:18
M66699,plastic bottle,16-05-2023 03:27:41
M35839,led strip,16-05-2023 03:27:41
M63243,on/off switch,16-05-2023 03:27:41
M31947,long wire,16-05-2023 03:27:41
M72256,step down converter,16-05-2023 03:27:41
M50278,plug,16-05-2023 03:27:41
M78562,solder and soldering wire,16-05-2023 03:27:41
M97819,hot glue gun,16-05-2023 03:27:41
M09151,metal wire,16-05-2023 03:27:41
M54388,milk,16-05-2023 03:27:41
M66551,water,16-05-2023 03:27:41
M00337,metal rod,16-05-2023 03:27:41
M95165,transparent plastic pipe or straw,16-05-2023 03:27:41
M76932,cardboard roll,16-05-2023 03:27:41
M86500,scrap cardboard,16-05-2023 03:27:41
M19477,plastic cookie container,16-05-2023 03:27:41
M70593,mud,16-05-2023 03:27:41
M45237,pot,16-05-2023 03:27:41
M99992,round shaped liquor bottle,16-05-2023 03:27:56
M49442,white m-seal,16-05-2023 03:27:56
M42177,clay designing tools,16-05-2023 03:27:56
M91423,acrylic colors,16-05-2023 03:27:56
M50197,pistol,16-05-2023 03:28:09
M53842,hammer,16-05-2023 03:28:09
M41705,trigger,16-05-2023 03:28:09
M61994,ammo,16-05-2023 03:28:09
M49969,bullet-lock,16-05-2023 03:28:09
M86992,socket connectors,16-05-2023 03:28:09
M64924,construction waste,16-05-2023 03:28:26
M16548,bench top,16-05-2023 03:28:26
M77357,wood,16-05-2023 03:28:26
M13155,sandpaper,16-05-2023 03:28:26
M13070,ruler,16-05-2023 03:28:26
M59891,pencil,16-05-2023 03:28:26
M94693,biscuit holes,16-05-2023 03:28:26
M53737,biscuiter,16-05-2023 03:28:26
M20233,pva wood glue,16-05-2023 03:28:26
M61538,sections,16-05-2023 03:28:26
M44376,end joins,16-05-2023 03:28:26
M90795,legs,16-05-2023 03:28:26
M85176,dowel,16-05-2023 03:28:26
M43066,support plank,16-05-2023 03:28:26
M69943,orbital sander,16-05-2023 03:28:26
M41506,clear top coat,16-05-2023 03:28:26
M99537,hangers,16-05-2023 03:29:42
M70913,clothes,16-05-2023 03:29:42
M80932,sandpaper,16-05-2023 03:29:42
M30772,bandsaw,16-05-2023 03:29:42
M89706,wood glue,16-05-2023 03:29:42
M29818,sponge,16-05-2023 03:29:42
M11847,moving blanket,16-05-2023 03:29:42
M12904,2-inch hinge with removable pin,16-05-2023 03:29:42
M92261,cloth,16-05-2023 03:30:32
M21806,cardboard,16-05-2023 03:30:52
M39252,circles,16-05-2023 03:30:52
M06029,tissue,16-05-2023 03:30:52
M07356,glue,16-05-2023 03:30:52
M46985,mixture,16-05-2023 03:30:52
M56451,green acrylic color,16-05-2023 03:30:52
M32008,thread,16-05-2023 03:30:52
M54009,straw,16-05-2023 03:30:52
M89365,paper tubes,16-05-2023 03:30:52
M22281,ornaments,16-05-2023 03:30:52
M10351,garland,16-05-2023 03:30:52
M50141,lights,16-05-2023 03:30:52
M31567,paper,16-05-2023 03:31:29
M76436,coil,16-05-2023 03:31:29
M30434,bowl,16-05-2023 03:31:29
M83612,lid,16-05-2023 03:31:29
M60237,household items,16-05-2023 03:31:29
M01232,glue,16-05-2023 03:32:05
M37701,tissue paper,16-05-2023 03:32:05
M71644,cardboard roll,16-05-2023 03:32:05
M09682,aluminium wraps,16-05-2023 03:32:05
M45294,tissue paper roll,16-05-2023 03:32:05
M39211,air dry clay,16-05-2023 03:32:05
M55616,water,16-05-2023 03:32:05
M32781,unused cd,16-05-2023 03:32:05
M39600,acrylic bronze colour,16-05-2023 03:32:05
M50423,clay tool,16-05-2023 03:32:05
M13980,razor,16-05-2023 03:32:05
M49987,loose ends,16-05-2023 03:32:05
M47050,flower plunger,16-05-2023 03:32:05
M38781,flowers,16-05-2023 03:32:05
M38697,leaves,16-05-2023 03:32:05
M51880,cotton,16-05-2023 03:34:00
M01062,nylon,16-05-2023 03:34:00
M89890,paper,16-05-2023 03:34:00
M06429,soil,16-05-2023 03:34:00
M97672,water,16-05-2023 03:34:00
M37513,bottle,16-05-2023 03:34:00
M79570,scissors,16-05-2023 03:34:00
M28706,knife,16-05-2023 03:34:00
M24921,sharp object,16-05-2023 03:34:00
M32851,fabric,16-05-2023 03:34:00
M99036,potting soil,16-05-2023 03:34:00
M86401,water bottles,16-05-2023 03:34:00
M82346,pipes,16-05-2023 03:34:19
M82243,glue,16-05-2023 03:34:19
M05168,hot gun,16-05-2023 03:34:19
M57780,base plate,16-05-2023 03:34:19
M75966,circle,16-05-2023 03:34:19
M95992,file,16-05-2023 03:34:19
M38681,cardboard,16-05-2023 03:34:47
M97974,glass,16-05-2023 03:34:47
M23022,rubber adhesive,16-05-2023 03:34:47
M17323,scissors,16-05-2023 03:34:47
M47954,cutter,16-05-2023 03:34:47
M65772,waste calendar or chart paper,16-05-2023 03:34:47
M21568,marker,16-05-2023 03:34:47
M63157,long strip of paper,16-05-2023 03:34:47
M97854,acrylic or clear glass,16-05-2023 03:34:47
M15096,waste sheet,16-05-2023 03:34:47
M18450,pla plastic,16-05-2023 03:35:12
M29572,silicon baking mat,16-05-2023 03:35:12
M94925,laser cutter,16-05-2023 03:35:12
M73049,coffee cups,16-05-2023 03:36:12
M11837,wax-lining,16-05-2023 03:36:12
M01825,recyclable fibres,16-05-2023 03:36:12
M70330,clothing,16-05-2023 03:36:12
M59610,biodegradable bags,16-05-2023 03:36:12
M88189,plastic bags,16-05-2023 03:36:12
M88126,plastic forks,16-05-2023 03:36:12
M76620,plastic knives,16-05-2023 03:36:12
